mnemonic,extension,format,opcode,funct3,funct7_funct12,mask,match,operands,immediate,operation,pc,writeback,memory,exception,notes
LUI,RV32I,U,0110111,—,—,0x0000007f,0x00000037,"rd, imm20","U = {inst[31:12],12'b0}",U,pc + 4,rd ← U,—,Illegal encoding/access only,rd=x0 is a legal HINT
AUIPC,RV32I,U,0010111,—,—,0x0000007f,0x00000017,"rd, imm20","U = {inst[31:12],12'b0}",pc + U (mod 2^32),pc + 4,rd ← pc + U,—,Illegal encoding/access only,pc is the address of AUIPC
JAL,RV32I,J,1101111,—,—,0x0000007f,0x0000006f,"rd, offset","J = sext({inst[31],inst[19:12],inst[20],inst[30:21],1'b0})",target = pc + J,target,rd ← pc + 4,—,Instruction-address-misaligned if target[1:0] ≠ 00,No rd write on exception
JALR,RV32I,I,1100111,000,—,0x0000707f,0x00000067,"rd, imm12(rs1)",I = sext(inst[31:20]),"tmp = rs1 + I; target = {tmp[31:1],1'b0}",target,rd ← pc + 4,—,Instruction-address-misaligned if target[1:0] ≠ 00,Bit 0 is cleared before alignment check
BEQ,RV32I,B,1100011,000,—,0x0000707f,0x00000063,"rs1, rs2, offset","B = sext({inst[31],inst[7],inst[30:25],inst[11:8],1'b0})",taken = (rs1 == rs2); target = pc + B,taken ? target : pc + 4,—,—,Instruction-address-misaligned only when taken and target[1:0] ≠ 00,No exception for a not-taken misaligned target
BNE,RV32I,B,1100011,001,—,0x0000707f,0x00001063,"rs1, rs2, offset","B = sext({inst[31],inst[7],inst[30:25],inst[11:8],1'b0})",taken = (rs1 != rs2); target = pc + B,taken ? target : pc + 4,—,—,Instruction-address-misaligned only when taken and target[1:0] ≠ 00,No exception for a not-taken misaligned target
BLT,RV32I,B,1100011,100,—,0x0000707f,0x00004063,"rs1, rs2, offset","B = sext({inst[31],inst[7],inst[30:25],inst[11:8],1'b0})",taken = (signed(rs1) < signed(rs2)); target = pc + B,taken ? target : pc + 4,—,—,Instruction-address-misaligned only when taken and target[1:0] ≠ 00,No exception for a not-taken misaligned target
BGE,RV32I,B,1100011,101,—,0x0000707f,0x00005063,"rs1, rs2, offset","B = sext({inst[31],inst[7],inst[30:25],inst[11:8],1'b0})",taken = (signed(rs1) >= signed(rs2)); target = pc + B,taken ? target : pc + 4,—,—,Instruction-address-misaligned only when taken and target[1:0] ≠ 00,No exception for a not-taken misaligned target
BLTU,RV32I,B,1100011,110,—,0x0000707f,0x00006063,"rs1, rs2, offset","B = sext({inst[31],inst[7],inst[30:25],inst[11:8],1'b0})",taken = (unsigned(rs1) < unsigned(rs2)); target = pc + B,taken ? target : pc + 4,—,—,Instruction-address-misaligned only when taken and target[1:0] ≠ 00,No exception for a not-taken misaligned target
BGEU,RV32I,B,1100011,111,—,0x0000707f,0x00007063,"rs1, rs2, offset","B = sext({inst[31],inst[7],inst[30:25],inst[11:8],1'b0})",taken = (unsigned(rs1) >= unsigned(rs2)); target = pc + B,taken ? target : pc + 4,—,—,Instruction-address-misaligned only when taken and target[1:0] ≠ 00,No exception for a not-taken misaligned target
LB,RV32I,I,0000011,000,—,0x0000707f,0x00000003,"rd, imm12(rs1)",I = sext(inst[31:20]),addr = rs1 + I; extract 8-bit lane; sign-extend to 32 bits,pc + 4,rd ← loaded value,8-bit read at byte address addr,Load-address-misaligned (always aligned); load access fault on error response,A load to x0 still performs the memory access and may trap
LH,RV32I,I,0000011,001,—,0x0000707f,0x00001003,"rd, imm12(rs1)",I = sext(inst[31:20]),addr = rs1 + I; extract 16-bit lane; sign-extend to 32 bits,pc + 4,rd ← loaded value,16-bit read at byte address addr,Load-address-misaligned (addr[0] must be 0); load access fault on error response,A load to x0 still performs the memory access and may trap
LW,RV32I,I,0000011,010,—,0x0000707f,0x00002003,"rd, imm12(rs1)",I = sext(inst[31:20]),addr = rs1 + I; load 32 bits,pc + 4,rd ← loaded value,32-bit read at byte address addr,Load-address-misaligned (addr[1:0] must be 00); load access fault on error response,A load to x0 still performs the memory access and may trap
LBU,RV32I,I,0000011,100,—,0x0000707f,0x00004003,"rd, imm12(rs1)",I = sext(inst[31:20]),addr = rs1 + I; extract 8-bit lane; zero-extend to 32 bits,pc + 4,rd ← loaded value,8-bit read at byte address addr,Load-address-misaligned (always aligned); load access fault on error response,A load to x0 still performs the memory access and may trap
LHU,RV32I,I,0000011,101,—,0x0000707f,0x00005003,"rd, imm12(rs1)",I = sext(inst[31:20]),addr = rs1 + I; extract 16-bit lane; zero-extend to 32 bits,pc + 4,rd ← loaded value,16-bit read at byte address addr,Load-address-misaligned (addr[0] must be 0); load access fault on error response,A load to x0 still performs the memory access and may trap
SB,RV32I,S,0100011,000,—,0x0000707f,0x00000023,"rs2, imm12(rs1)","S = sext({inst[31:25],inst[11:7]})",addr = rs1 + S; align store data and byte strobes,pc + 4,—,8-bit write of low 8 bits of rs2,Store-address-misaligned (always aligned); store access fault on error response,No partial write on a trapped store
SH,RV32I,S,0100011,001,—,0x0000707f,0x00001023,"rs2, imm12(rs1)","S = sext({inst[31:25],inst[11:7]})",addr = rs1 + S; align store data and byte strobes,pc + 4,—,16-bit write of low 16 bits of rs2,Store-address-misaligned (addr[0] must be 0); store access fault on error response,No partial write on a trapped store
SW,RV32I,S,0100011,010,—,0x0000707f,0x00002023,"rs2, imm12(rs1)","S = sext({inst[31:25],inst[11:7]})",addr = rs1 + S; align store data and byte strobes,pc + 4,—,32-bit write of low 32 bits of rs2,Store-address-misaligned (addr[1:0] must be 00); store access fault on error response,No partial write on a trapped store
ADDI,RV32I,I,0010011,000,—,0x0000707f,0x00000013,"rd, rs1, imm12",I = sext(inst[31:20]),rs1 + I (mod 2^32),pc + 4,rd ← result,—,Illegal encoding/access only,Writes to x0 are discarded; many rd=x0 forms are HINTs
SLTI,RV32I,I,0010011,010,—,0x0000707f,0x00002013,"rd, rs1, imm12",I = sext(inst[31:20]),signed(rs1) < signed(I) ? 1 : 0,pc + 4,rd ← result,—,Illegal encoding/access only,Writes to x0 are discarded; many rd=x0 forms are HINTs
SLTIU,RV32I,I,0010011,011,—,0x0000707f,0x00003013,"rd, rs1, imm12",I = sext(inst[31:20]),unsigned(rs1) < unsigned(sext(I)) ? 1 : 0,pc + 4,rd ← result,—,Illegal encoding/access only,Writes to x0 are discarded; many rd=x0 forms are HINTs
XORI,RV32I,I,0010011,100,—,0x0000707f,0x00004013,"rd, rs1, imm12",I = sext(inst[31:20]),rs1 XOR I,pc + 4,rd ← result,—,Illegal encoding/access only,Writes to x0 are discarded; many rd=x0 forms are HINTs
ORI,RV32I,I,0010011,110,—,0x0000707f,0x00006013,"rd, rs1, imm12",I = sext(inst[31:20]),rs1 OR I,pc + 4,rd ← result,—,Illegal encoding/access only,Writes to x0 are discarded; many rd=x0 forms are HINTs
ANDI,RV32I,I,0010011,111,—,0x0000707f,0x00007013,"rd, rs1, imm12",I = sext(inst[31:20]),rs1 AND I,pc + 4,rd ← result,—,Illegal encoding/access only,Writes to x0 are discarded; many rd=x0 forms are HINTs
SLLI,RV32I,I-shift,0010011,001,0000000,0xfe00707f,0x00001013,"rd, rs1, shamt",shamt = inst[24:20],rs1 << shamt,pc + 4,rd ← result,—,Illegal if inst[31:25] is not 0000000,Logical left shift; shamt is 5 bits
SRLI,RV32I,I-shift,0010011,101,0000000,0xfe00707f,0x00005013,"rd, rs1, shamt",shamt = inst[24:20],unsigned(rs1) >> shamt,pc + 4,rd ← result,—,Illegal if inst[31:25] is not 0000000 or 0100000,This row matches logical-right form only
SRAI,RV32I,I-shift,0010011,101,0100000,0xfe00707f,0x40005013,"rd, rs1, shamt",shamt = inst[24:20],signed(rs1) >>> shamt,pc + 4,rd ← result,—,Illegal if inst[31:25] is not 0000000 or 0100000,This row matches arithmetic-right form only
ADD,RV32I,R,0110011,000,0000000,0xfe00707f,0x00000033,"rd, rs1, rs2",—,rs1 + rs2 (mod 2^32),pc + 4,rd ← result,—,Illegal encoding/access only,Writes to x0 are discarded; legal rd=x0 encodings may be HINTs
SUB,RV32I,R,0110011,000,0100000,0xfe00707f,0x40000033,"rd, rs1, rs2",—,rs1 - rs2 (mod 2^32),pc + 4,rd ← result,—,Illegal encoding/access only,Writes to x0 are discarded; legal rd=x0 encodings may be HINTs
SLL,RV32I,R,0110011,001,0000000,0xfe00707f,0x00001033,"rd, rs1, rs2",—,rs1 << rs2[4:0],pc + 4,rd ← result,—,Illegal encoding/access only,Writes to x0 are discarded; legal rd=x0 encodings may be HINTs
SLT,RV32I,R,0110011,010,0000000,0xfe00707f,0x00002033,"rd, rs1, rs2",—,signed(rs1) < signed(rs2) ? 1 : 0,pc + 4,rd ← result,—,Illegal encoding/access only,Writes to x0 are discarded; legal rd=x0 encodings may be HINTs
SLTU,RV32I,R,0110011,011,0000000,0xfe00707f,0x00003033,"rd, rs1, rs2",—,unsigned(rs1) < unsigned(rs2) ? 1 : 0,pc + 4,rd ← result,—,Illegal encoding/access only,Writes to x0 are discarded; legal rd=x0 encodings may be HINTs
XOR,RV32I,R,0110011,100,0000000,0xfe00707f,0x00004033,"rd, rs1, rs2",—,rs1 XOR rs2,pc + 4,rd ← result,—,Illegal encoding/access only,Writes to x0 are discarded; legal rd=x0 encodings may be HINTs
SRL,RV32I,R,0110011,101,0000000,0xfe00707f,0x00005033,"rd, rs1, rs2",—,unsigned(rs1) >> rs2[4:0],pc + 4,rd ← result,—,Illegal encoding/access only,Writes to x0 are discarded; legal rd=x0 encodings may be HINTs
SRA,RV32I,R,0110011,101,0100000,0xfe00707f,0x40005033,"rd, rs1, rs2",—,signed(rs1) >>> rs2[4:0],pc + 4,rd ← result,—,Illegal encoding/access only,Writes to x0 are discarded; legal rd=x0 encodings may be HINTs
OR,RV32I,R,0110011,110,0000000,0xfe00707f,0x00006033,"rd, rs1, rs2",—,rs1 OR rs2,pc + 4,rd ← result,—,Illegal encoding/access only,Writes to x0 are discarded; legal rd=x0 encodings may be HINTs
AND,RV32I,R,0110011,111,0000000,0xfe00707f,0x00007033,"rd, rs1, rs2",—,rs1 AND rs2,pc + 4,rd ← result,—,Illegal encoding/access only,Writes to x0 are discarded; legal rd=x0 encodings may be HINTs
FENCE,RV32I,I/fence,0001111,000,—,0x0000707f,0x0000000f,"pred, succ","fm=inst[31:28], pred=inst[27:24], succ=inst[23:20]",Serialize predecessor operations before successor operations,pc + 4,—,Drain older accepted transactions before allowing younger ordered operations,No exception for reserved fm/pred/succ/rs1/rd combinations,Ignore rs1/rd; reserved configurations execute conservatively as FENCE
ECALL,RV32I,SYSTEM,1110011,—,0x00000073,0xffffffff,0x00000073,—,—,Raise environment-call-from-M-mode exception,Trap vector,—,—,"Always synchronous exception, mcause=11",Does not retire; no GPR/CSR/memory side effect except trap entry
EBREAK,RV32I,SYSTEM,1110011,—,0x00100073,0xffffffff,0x00100073,—,—,Raise breakpoint exception,Trap vector,—,—,"Always synchronous exception, mcause=3",Does not retire; no GPR/CSR/memory side effect except trap entry
CSRRW,Zicsr,CSR,1110011,001,—,0x0000707f,0x00001073,"rd, csr, rs1",csr=inst[31:20],CSR ← rs1; rd ← old CSR,pc + 4,rd ← old CSR unless rd=x0,—,Illegal for nonexistent/inaccessible CSR or an unsuppressed write to read-only CSR,Always writes CSR; rd=x0 suppresses CSR read and rd write; update occurs atomically at commit
CSRRS,Zicsr,CSR,1110011,010,—,0x0000707f,0x00002073,"rd, csr, rs1",csr=inst[31:20],CSR ← old CSR OR rs1; rd ← old CSR,pc + 4,rd ← old CSR unless rd=x0,—,Illegal for nonexistent/inaccessible CSR or an unsuppressed write to read-only CSR,rs1=x0 suppresses CSR write; update occurs atomically at commit
CSRRC,Zicsr,CSR,1110011,011,—,0x0000707f,0x00003073,"rd, csr, rs1",csr=inst[31:20],CSR ← old CSR AND NOT rs1; rd ← old CSR,pc + 4,rd ← old CSR unless rd=x0,—,Illegal for nonexistent/inaccessible CSR or an unsuppressed write to read-only CSR,rs1=x0 suppresses CSR write; update occurs atomically at commit
CSRRWI,Zicsr,CSR,1110011,101,—,0x0000707f,0x00005073,"rd, csr, zimm[4:0]","csr=inst[31:20], zimm=zext(inst[19:15])",CSR ← zimm; rd ← old CSR,pc + 4,rd ← old CSR unless rd=x0,—,Illegal for nonexistent/inaccessible CSR or an unsuppressed write to read-only CSR,Always writes CSR; rd=x0 suppresses CSR read and rd write; update occurs atomically at commit
CSRRSI,Zicsr,CSR,1110011,110,—,0x0000707f,0x00006073,"rd, csr, zimm[4:0]","csr=inst[31:20], zimm=zext(inst[19:15])",CSR ← old CSR OR zimm; rd ← old CSR,pc + 4,rd ← old CSR unless rd=x0,—,Illegal for nonexistent/inaccessible CSR or an unsuppressed write to read-only CSR,zimm=0 suppresses CSR write; update occurs atomically at commit
CSRRCI,Zicsr,CSR,1110011,111,—,0x0000707f,0x00007073,"rd, csr, zimm[4:0]","csr=inst[31:20], zimm=zext(inst[19:15])",CSR ← old CSR AND NOT zimm; rd ← old CSR,pc + 4,rd ← old CSR unless rd=x0,—,Illegal for nonexistent/inaccessible CSR or an unsuppressed write to read-only CSR,zimm=0 suppresses CSR write; update occurs atomically at commit
FENCE.I,Zifencei,I/fence,0001111,001,—,0x0000707f,0x0000100f,—,funct12/rs1/rd are reserved and ignored,Make prior visible stores observable by subsequent local instruction fetches,pc + 4 after frontend restart,—,Drain prior stores; flush/epoch-kill stale fetches and restart frontend,No exception due solely to nonzero reserved fields,Standard software writes reserved fields as zero
MRET,Machine,SYSTEM,1110011,—,0x30200073,0xffffffff,0x30200073,—,—,pc←mepc; MIE←MPIE; MPIE←1; MPP remains/coerces to M,mepc,—,—,Illegal only if privileged-state policy is violated; project always executes in M-mode,Flush younger instructions; instruction itself retires
WFI,Machine,SYSTEM,1110011,—,0x10500073,0xffffffff,0x10500073,—,—,Architectural hint; project RTL v1 may retire as NOP,pc + 4,—,—,No exception in project M-mode configuration,"If implemented as wait later, must resume according to pending interrupt rules"
